{"cameraMode":{"drawMode":0,"name":"Shaded","section":"Shading Mode"},"sceneLighting":true,"audioPlay":false,"sceneViewState":{"showFog":true,"showMaterialUpdate":false,"showSkybox":true,"showFlares":true,"showImageEffects":true,"showParticleSystems":true},"in2DMode":false,"pivot":{"x":5.977173805236816,"y":5.818775177001953,"z":3.6523311138153078},"rotation":{"x":-0.21787843108177186,"y":0.7501628398895264,"z":-0.2978862524032593,"w":-0.5486801266670227},"size":4.1020965576171879,"orthographic":true}