{"cameraMode":{"drawMode":0,"name":"Shaded","section":"Shading Mode"},"sceneLighting":true,"audioPlay":false,"sceneViewState":{"showFog":true,"showMaterialUpdate":false,"showSkybox":true,"showFlares":true,"showImageEffects":true,"showParticleSystems":true},"in2DMode":false,"pivot":{"x":183.72474670410157,"y":102.23799133300781,"z":-151.27975463867188},"rotation":{"x":0.09134925156831742,"y":-0.022404002025723459,"z":0.002055705524981022,"w":0.9955646991729736},"size":18.761516571044923,"orthographic":false}