{"cameraMode":{"drawMode":0,"name":"Shaded","section":"Shading Mode"},"sceneLighting":true,"audioPlay":false,"sceneViewState":{"showFog":true,"showMaterialUpdate":false,"showSkybox":true,"showFlares":true,"showImageEffects":true,"showParticleSystems":true},"in2DMode":false,"pivot":{"x":1.8902854919433594,"y":1.1659750938415528,"z":-0.9446349143981934},"rotation":{"x":0.06219862774014473,"y":0.7955148816108704,"z":-0.08288015425205231,"w":0.597009003162384},"size":2.7329633235931398,"orthographic":false}