{"cameraMode":{"drawMode":0,"name":"Shaded","section":"Shading Mode"},"sceneLighting":true,"audioPlay":false,"sceneViewState":{"showFog":true,"showMaterialUpdate":false,"showSkybox":true,"showFlares":true,"showImageEffects":true,"showParticleSystems":true},"in2DMode":false,"pivot":{"x":-4.020634651184082,"y":-0.8115575313568115,"z":0.587909460067749},"rotation":{"x":-0.19623786211013795,"y":0.6328124403953552,"z":-0.17024685442447663,"w":-0.7294206619262695},"size":3.8898017406463625,"orthographic":false}